prompt,completion
Generate a Physics multiple choice question:,Physics ‚Äì Multiple Choice Which of the following is a direct corollary of the second law of thermodynamics? W) Energy cannot be created or destroyed X) Real thermodynamic processes are not reversible Y) Absolute zero cannot be reached Z) Absolute zero is the minimum possible temperature
Generate a Physics short answer question:,"Physics ‚Äì Short Answer Astronaut A is in a circular orbit with an altitude of one Earth radius above the surface of Earth, while Astronaut B is in orbit with an altitude of two Earth radii above the surface of Earth. What is the ratio of the gravitational force from Earth on Astronaut A to that on Astronaut B?"
Generate a Biology short answer question:,"Biology ‚Äì Short Answer In population genetics, what term is used to quantify the ability of an individual to propagate its genes to future generations?"
Generate a Biology multiple choice question:,"Biology ‚Äì Multiple Choice In humans, which of the following blood types would be expected to occur with the highest frequency among the offspring of parents who are both type AB? W) A X) B Y) O Z) AB"
Generate a Chemistry short answer question:,Chemistry ‚Äì Short Answer What is the term for the minimum energy required for a chemical reaction to proceed?
Generate a Chemistry short answer question:,Chemistry ‚Äì Short Answer Identify all of the following three compounds that interact mainly via dipole-dipole forces: 1) Hydrogen sulfide; 2) Fluoro-methane; 3) Carbon tetra-bromide.
Generate a Energy multiple choice question:,Energy ‚Äì Multiple Choice Ames Lab researchers are studying quantum phase transitions in materials where the magnetic moments of each molecule point in the opposite direction as each of their neighbors‚Äô. Which of the following terms describes this type of magnetism? W) Para-magnetism X) Dia-magnetism Y) Anti-ferro-magnetism Z) Ferro-magnetism
Generate a Energy short answer question:,Energy ‚Äì Short Answer Oak Ridge National Lab researchers are constructing circuit elements by assembling artificial lipid bilayers in hexadecane. How many hydrogen atoms are in one molecule of hexadecane [hexa-DEH-cane]?
Generate a Math short answer question:,"Math ‚Äì Short Answer If angle ABC is inscribed in a circle and measures 35 degrees, what is the degree measure of arc ABC?"
Generate a Math short answer question:,Math ‚Äì Short Answer Solve the following equation for x over the negative integers: x3 + 7x2 ‚Äì 9x ‚Äì 63 = 0
Generate a Physics short answer question:,"Physics ‚Äì Short Answer Consider 1 mole of an ideal gas at STP. If the temperature of this gas were reduced to 0 kelvins, then, in liters, what would its volume become?"
Generate a Physics short answer question:,Physics ‚Äì Short Answer Identify all of the following three properties that are the same for a positron and an electron: 1) Their movement in a uniform electric field; 2) Their movement in a uniform gravitational field; 3) Their behavior upon collision with an electron.
Generate a Biology short answer question:,"Biology ‚Äì Short Answer What type of reproductive isolation is demonstrated by the mule, which is a cross between a horse and a donkey?"
Generate a Biology multiple choice question:,Biology ‚Äì Multiple Choice Which of the following statements is TRUE regarding water balance in the mammalian body? W) Dehydration increases the osmolality of blood X) Vasopressin is produced by the adrenal gland Y) Renin inhibits the conversion of angiotensinogen [an-jee-oh-ten- SIN-oh-jen] to angiotensin [an-jee-oh-TEN-sin] two Z) Aldosterone [al-DOSS-ter-own] inhibits sodium absorption in the distal tubules
Generate a Chemistry short answer question:,Chemistry ‚Äì Short Answer The ionization energy of neon is equivalent to the energy required to move an electron from what subshell to the n equals infinity energy level?
Generate a Chemistry multiple choice question:,Chemistry ‚Äì Multiple Choice The dispersity of a polymer would be measured using which of the following techniques? W) Gel permeation chromatography X) Nuclear magnetic resonance Y) Transmission electron microscopy Z) X-ray diffraction
Generate a Energy short answer question:,Energy ‚Äì Short Answer Oak Ridge National Lab scientists are studying how to bioengineer bacteria with complex immune systems. These systems destroy foreign DNA based on a modification that is also used in genomic imprinting and Barr body formation in mammals. What is this type of DNA modification called?
Generate a Energy short answer question:,Energy ‚Äì Short Answer Researchers at SLAC National Lab are studying how gluons scatter off one another. What is the term for a particle composed entirely of gluons?
Generate a Math short answer question:,Math ‚Äì Short Answer What is 6 factorial divided by 4 factorial?
Generate a Math short answer question:,Math ‚Äì Short Answer Express the fraction with numerator 23 + 11i and denominator 1 + 5i in standard a + bi form.
Generate a Physics multiple choice question:,"Physics ‚Äì Multiple Choice An 8-kilogram and a 20-kilogram mass are on opposite sides of a 7-meter-long lever. In meters, how far should the fulcrum be placed from the 8-kilogram mass so that the two masses are balanced? W) 3.5 X) 4 Y) 4.5 Z) 5"
Generate a Physics multiple choice question:,Physics ‚Äì Multiple Choice Which of the following expressions does not have units of energy? W) Position times momentum X) Velocity squared times mass Y) Angular momentum divided by time Z) Momentum squared divided by mass
Generate a Biology multiple choice question:,"Biology ‚Äì Multiple Choice Limited food, decreased water, and loss of available nesting sites are likely to have which of the following impacts on a population? W) Decreased carrying capacity X) Increased population growth Y) Decreased selection pressure Z) Decreased per capita death rates"
Generate a Biology short answer question:,Biology ‚Äì Short Answer Identify all of the following three numbers of petals a flower could have that would suggest that it is a monocot: 1) 6; 2) 8; 3) 12.
Generate a Chemistry multiple choice question:,Chemistry ‚Äì Multiple Choice Which of the following compounds or ions is the best oxidizing agent? W) Copper(II) ions X) MnO 2 Y) NaBH 4 Z) Iodine solid
Generate a Chemistry short answer question:,Chemistry ‚Äì Short Answer Rank the following three metals in order of increasing strength as a reducing agent: 1) Copper; 2) Zinc; 3) Lead.
Generate a Energy short answer question:,"Energy ‚Äì Short Answer Researchers at Brookhaven National Lab are studying therapeutic recombinant protein production in plants. A major use of this technology is to create what class of proteins, which are commonly composed of a pair of heavy chains and a pair of light chains?"
Generate a Energy short answer question:,"Energy ‚Äì Short Answer Scientists at Pacific Northwest National Lab are developing NWChem, a software used in computational chemistry. One assumption typically made in computational chemistry is that the motion of nuclei is negligible compared to the motion of electrons. What is the name of this approximation?"
Generate a Math multiple choice question:,"Math ‚Äì Multiple Choice A differentiable function f of x has domain the closed interval from 2 to 6 and range the closed interval from 4 to 8. If f prime of x is less than 0 for all x in the domain, what is f of 2? W) 2 X) 4 Y) 6 Z) 8"
Generate a Math short answer question:,"Math ‚Äì Short Answer To the nearest whole number, what is the slant height of a right circular cone with radius 7 and height 14?"
Generate a Math multiple choice question:,"In 2014, January 1st fell on a Wednesday. What is the next year that January 1st will fall on a Wednesday? W) 2015 X) 2019 Y) 2020 Z) 2025"
Generate a Math short answer question:,"The sums of three whole numbers taken in pairs are 11, 13, and 16. What is the product of these three numbers?"
Generate a Biology multiple choice question:,During which of the following phases of an action potential do voltage-gated sodium channels begin to close? W) Rising phase X) Falling phase Y) After hyperpolarization Z) Refractory period
Generate a Biology multiple choice question:,"In humans, in addition to transferring antibodies, colostrum also stimulates the development of the neonatal gut through the transference of which of the following? W) Pheromones X) Non-heritable mutations Y) Beta-galactose Z) Growth factors"
Generate a Chemistry multiple choice question:,Halogenation [hal-uh-juh-NAY-shuhn] will occur fastest between methane and the radical of which of the following elements? W) Chlorine X) Iodine Y) Fluorine Z) Bromine
Generate a Chemistry short answer question:,"In terms of the ideal gas constant R, what is the constant- pressure heat capacity, per mole, of a monatomic ideal gas?"
Generate a Physics multiple choice question:,An antihydrogen atom is made of what two components? W) An antiproton and a positron X) An antiproton and an electron Y) A proton and a positron Z) A proton and a neutrino
Generate a Physics multiple choice question:,"A capillary tube with an inner radius of 0.1 millimeter is partially dipped in a liquid with a surface tension of 0.1 newtons per meter, with approximately 0 degrees of contact angle. The density of the liquid is approximately the same as that of water. Calculate the liquid rise in the tube. W) 2 millimeter X) 2 centimeter Y) 20 centimeter Z) 2 meter"
Generate a Biology multiple choice question:,Which of the following phases of meiosis [my-OH-sis] is longest? W) Prophase I X) Prophase II Y) Metaphase I Z) Anaphase II
Generate a Biology short answer question:,"Arrange the following three steps of cell respiration from lowest to highest in terms of net NADH molecules produced per one molecule of glucose entering respiration: 1) glycolysis [gly-KOL-uh-sis], 2) electron transport chain, 3) Krebs cycle."
Generate a Energy multiple choice question:,What major rock type is the medium for fracking? W) Schist [SHIST] X) Shale Y) Basalt Z) Limestone
Generate a Energy multiple choice question:,What substance was the primary fuel source for NASA space shuttles? W) Propane X) Helium gas Y) Liquid hydrogen Z) Methane
Generate a Chemistry multiple choice question:,"Which of the following is the full list of products produced by the mild heating of sodium bicarbonate at temperatures of about 80 degrees Celsius? W) Sodium oxide and carbon dioxide X) Sodium peroxide and carbon dioxide Y) Sodium carbonate, water, and carbon dioxide Z) Sodium carbonate and carbon dioxide"
Generate a Chemistry short answer question:,What rule is used to predict the aromaticity of conjugated alkenes?
Generate a Physics multiple choice question:,Which of the following does not interact with a magnetic field? W) A magnet at rest X) Moving electric charges Y) A moving magnet Z) Electric charges at rest
Generate a Physics multiple choice question:,The closest distance at which Gina can properly focus is 100 cm from her eye. The distance of normal vision is 0.25 m. Find the power in diopters [dy-OP-ters] of the converging lens for her eyeglass. W) -3 X) -0.03 Y) 0.03 Z) 3
Generate a Biology multiple choice question:,Which of the following structures would have been most likely absent from the last shared common ancestor of osteichthyans [os-tee-IK-thee-uhns] and chondrichthyans [kan-DRIK-thee-ez]? W) Teeth X) Gills Y) Scales Z) Swim bladder
Generate a Biology short answer question:,"Place the following four animals in order of lowest to highest energy cost per unit body weight for regulation of body temperature: python, canary, human, poodle."
Generate a Chemistry short answer question:,"The van der Waals equation is an equation of state for real gases that contains two gas-dependent parameters, a and b. What state function from the ideal gas equation does the a parameter modify in the van der Waals equation?"
Generate a Chemistry multiple choice question:,Which of the following statements concerning the particle-in- a-box model is false? W) The potential well is approximated to be infinitely deep X) The ground state energy increases with the length of the box Y) The energy levels are quantized Z) The energy of level n is proportional to n squared
Generate a Math multiple choice question:,"(cid:2870)(cid:3051) (cid:3051) 13) MATH Multiple Choice If (cid:3398) [ two x divided by three minus x divided by six] is an (cid:2871) (cid:2874) integer, which of the following MUST be true regarding x? W) x is negative X) x is a multiple of two Y) x is a multiple of three Z) x is odd"
Generate a Math short answer question:,What is the smallest positive integer that can be added to 2500 to get a perfect square?
Generate a Energy multiple choice question:,A 100 mile 765 kilovolt line carrying 1000 megawatts of energy can have losses ranging from 1.1% to 0.5%. Which of the following best approximates the losses as a ratio to the 1.0% of a 345 kilovolt line carrying the same load across the same distance? W) 1/10 X) 1/4 Y) 4/1 Z) 10/1
Generate a Energy short answer question:,"If a single electric distribution line has a resistance of 1 ohm per 1000 meters and current at 50 amps, what will be the voltage reduction over a 10 kilometer run?"
Generate a Biology short answer question:,"Identify all of the following three neurotransmitters that are considered to have only excitatory actions: 1) acetylcholine [uh-seet-l-KOH-leen], 2) GABA, 3) glutamate."
Generate a Biology short answer question:,What specific cell type in the stomach is responsible for production of hydrochloric acid in response to stimulation by gastrin?
Generate a Chemistry multiple choice question:,Which of the following organic functional groups does NOT exhibit sp2 [s-p-2] hybridization? W) Ketones X) Aldehydes [AL-duh-hyds] Y) Amides Z) Amines
Generate a Chemistry multiple choice question:,Which of the following statements is true regarding the chemistry of the alkaline earth elements? W) Compounds of beryllium have the most covalent character X) Melting point increases as you go down the group Y) Atomic radius decreases as you go down the group Z) Barium has a distinct red flame test color
Generate a Math multiple choice question:,Which of the following statements is TRUE? W) (cid:3398)7 is not a prime number X) (cid:1857)(cid:3036)(cid:3095) (cid:3404) (cid:3398)(cid:1857)(cid:2879)(cid:3036)(cid:3095) [e to the power of quantity I times pi equals negative e to the power of quantity negative I times pi] Y) All pairs of perpendicular lines in the Cartesian plane have slopes that are negative reciprocals of each other Z) There is no number (cid:1853) such that log(cid:4666)(cid:3398)(cid:1853)(cid:4667) [log of negative a] exists.
Generate a Math short answer question:,"If a circle is divided into 8 sectors whose central degree angles are integers that form an arithmetic sequence with first term 3, what is the common difference for the sequence?"
Generate a Physics short answer question:,"Assuming the heat of fusion for water is 80 calories per gram, what is the increase in entropy, in calories per Kelvin, for a 273 gram block of ice at 0 degrees Celsius when it melts?"
Generate a Physics multiple choice question:,"An ÔÅ°-particle [alpha particle] and a proton, both initially at rest, are accelerated through a potential difference of 105 kilovolts. Find the ratio (K /K ) [k alpha ÔÅ° p over k proton] of their final kinetic energies. W) 1/4 X) 1/2 Y) 2 Z) 4"
Generate a Chemistry multiple choice question:,Which of the following best describes the elementary kinetic step where a proton is transferred directly between an ammonium ion and water? W) Unimolecular X) Bimolecular Y) Trimolecular Z) Tetramolecular
Generate a Chemistry short answer question:,"One liter of a saturated solution of silver chromate contains 0.0002 moles of the silver cation [KAT-eye-uhn] and 0.00003 moles of the chromate ion. To two significant figures and in scientific notation, what is the Ksp of silver chromate?"
Generate a Biology multiple choice question:,Which of the following vitamin deficiencies causes the condition known as ‚ÄúPellagra‚Äù? W) Vitamin B 3 X) Vitamin B 6 Y) Vitamin B 2 Z) Vitamin B 1
Generate a Biology short answer question:,How many molecules of ATP are needed to synthesize two glucose molecules in the Calvin cycle?
Generate a Energy multiple choice question:,Energy radiates from a surface as a function of temperature to what power? W) 1 X) 3 Y) 2 Z) 4
Generate a Energy multiple choice question:,Which of the following rare earth elements is used to produce magnets for wind turbines? W) Europium X) Gadolinium [gad-l-IN-ee-uhm] Y) Scandium Z) Neodymium
Generate a Biology short answer question:,"What is the common name of the group of marine spiny-finned fish of the order Heterosomata, all of which, when adult, swim along the sea floor on one side of the body, which is highly compressed and has both eyes on the uppermost side?"
Generate a Biology multiple choice question:,"Which of the following statements is NOT true about otters? W) Newborn otters are taken care of by their fathers only X) Their dens are called holts or couches Y) They feed on fish, shellfish, amphibians and birds Z) A male otter is called a dog"
Generate a Physics multiple choice question:,Which of the following cells cannot be recharged? W) Dry X) Wet Y) Primary Z) Secondary
Generate a Physics multiple choice question:,Changing which of the following will NOT result in a change in the voltage induced in a rotating wire coil? W) Rate of rotation X) Wire resistance Y) Number of coil loops Z) Average loop area
Generate a Math short answer question:,What is x equal to in the following expression: [log base x of x 7 equals 1]? log 7 = 1
Generate a Math short answer question:,"If the length, width, and height of a right rectangular prism are in the ratio of [3 to 4 to 12], find the height in meters of the solid if the diagonal of the solid is meters long. 3:4:12 26"
Generate a Chemistry multiple choice question:,"When assigning electrons to subshells, which of the following subshells will be filled first? W) 4f X) 5s Y) 5d Z) 6s"
Generate a Chemistry short answer question:,Which of the gas laws is demonstrated when an aerosol can is thrown into a fire and explodes?
Generate a Energy short answer question:,What is the term for a device used to determine or measure the presence of electrostatic charges?
Generate a Energy short answer question:,What is the efficiency of an appliance whose useful energy output is 5 joules and wasted energy is 20 joules?
Generate a Math short answer question:,"Given that g ‚â§ f ‚â§ h for all x, the [limit as x approaches a of g of x is M], and the [limit as x approaches a of h of x is M], what is the [limit as x ( ùë•a ) ppro ( aùë•c ) hes ( aùë• ) of f of x]? limùë•‚Üíaùëî(ùë•)= M limùë•‚Üía‚Ñé(ùë•)= M"
Generate a Math short answer question:,What is the largest possible real domain of x x ) [f of x equals the natural log of the quantity 3x minus 1]? f ( ) = ln(3 ‚Äì 1
Generate a Physics short answer question:,"In 1868, observers of a solar eclipse first noticed a bright yellow spectral line. They theorized that this was due to a new element and gave it what sun-inspired name?"
Generate a Physics multiple choice question:,"An electroscope is negatively charged, with the leaves at an angle of about 45¬∞. When a negatively charged rod is slowly brought near the plate of the electroscope, the leaves do which of the following? W) Repel X) Attract Y) Repel then attract Z) Fall to zero then repel"
Generate a Math short answer question:,"W is one of the vertices of a polygon. If there are diagonals of the polygon that contain W, how many sides does the polygon have? 8"
Generate a Math short answer question:,A fair standard six-sided die is rolled two times. What is the probability that the sum of the numbers on the two rolls will be greater than ?
Generate a Chemistry short answer question:,What is the name of the bond linking each fatty acid to glycerol [GLIS-uh-rol] in a triglyceride?
Generate a Chemistry short answer question:,"Several candidates have been proposed as the discoverer of oxygen. Who, however, is the scientist who most carefully documented his work and thus has been credited with its discovery?"
Generate a Energy multiple choice question:,Which of the following particles has the least penetrating power? W) Neutron X) Alpha particle Y) Beta particle Z) Positron
Generate a Energy multiple choice question:,The power produced by a wind turbine depends primarily on which of the following parameters? W) Air volume X) Wind pressure Y) Blade radius Z) Air coefficient
Generate a Biology short answer question:,Which gas was in short supply in the Earth‚Äôs atmosphere prior to the evolution of the citric acid cycle?
Generate a Biology multiple choice question:,Neurons can communicate with each another at synapses via synaptic vesicles. Which of the following does NOT participate in communication at these sites? W) Neurotransmitter X) Gated channels Y) ATP dependent channels Z) Acetylcholine [uh-seet-l-KOH-leen]
Generate a Physics short answer question:,"A lunar vehicle on Earth moves at 10 kilometers per hour. When it travels at the same speed on the Moon, what is its momentum in comparison to its momentum on Earth, assuming that the Moon‚Äôs gravitational force is one fifth that of Earth‚Äôs?"
Generate a Physics short answer question:,Coulomb‚Äôs law states that an electric force between two charges is inversely proportional to the square of what quantity?
Generate a Math multiple choice question:,"Which of the following numbers is NOT prime? W) X) Y) 107 Z) 109 111 AN1S1W3 ER: Y) 111 BONUS 16) MATH Short Answer Todd the Tortoise is 268 years old, while Sammy the Snail is 32 years old. How many years will it take for Todd‚Äôs age to be exactly 5 times Sammy‚Äôs age?"
Generate a Chemistry short answer question:,"What element has the following four characteristics: 1) it occurs naturally only in combination with other elements in minerals; 2) it is used primarily as a hardening agent in alloys; 3) its dust is highly toxic, and 4) it is an alkaline [AL-kuh-lyn] earth metal."
Generate a Chemistry short answer question:,"Identify all of the following four compounds that are ionic: 1) sodium sulfate, 2) methane, 3) ammonium chloride, 4) beryllium iodide."
Generate a Energy multiple choice question:,Rectifiers are used in computers and other appliances to do which of the following? W) Convert direct current to alternating current X) Convert alternating current to direct current Y) Provide a steady amount of power at all times Z) Reduce the energy consumption of an appliance
Generate a Energy short answer question:,"When inductors are present in circuits with alternating currents, what type of power do they consume?"
Generate a Biology multiple choice question:,Which of the following best describes why the xylem [ZY-luhm] is an important plant tissue? W) It transports water and minerals from the roots to the leaves X) It transports water and minerals from the leaves to the roots Y) It is the best part of the plant to eat Z) It gives a plant its strength to stand straight
Generate a Biology multiple choice question:,Your body has approximately one million B cells and ten million different T cells. A gram-negative bacterium enters your body and one of your B cells binds to the bacterium via the BCR recognizing the LPS. Which of the following will happen next? W) The B cell will proliferate X) The virus will enter the B cell Y) Similar T cells will be destroyed Z) The B cell will be destroyed
Generate a Physics short answer question:,What is the SI unit of inductance?
Generate a Physics multiple choice question:,"A radioactive element has a half life of 50 seconds. Which of the following is true of a sample of such an element? W) Every atom of the element decays after 50 seconds X) Every atom of the element decays after 100 seconds Y) After 100 seconds, one fourth of the sample has decayed Z) After 100 seconds, three fourths of the sample has decayed"
Generate a Math short answer question:,Give the coordinates of the point where the line x y intersects the x axis. 3 + 2 = 18
Generate a Math multiple choice question:,"A jar contains 50 marbles. Exactly 10% are green, 20% are blue, 30% are yellow, and the rest are orange. Which of the following is the probability of randomly picking first a blue marble, replacing it, and then picking an orange marble? W) 1 X) 25 2 Y) 25 3 Z) 25 4 25"
Generate a Chemistry multiple choice question:,Which of the following is NOT a buffering agent? W) Magnesium oxide X) Rubidium hydroxide Y) Ammonia Z) Monopotassium phosphate
Generate a Chemistry short answer question:,"What is the name of the reaction, commonly used in lecture demonstrations, in which two colorless solutions are mixed, and the liquid turns to a shade of dark blue after a short time delay?"
Generate a Biology short answer question:,What is the common name of the unicellular organism that has the following characteristics: 1) it has chloroplasts and can make its own food; 2) it can also ingest food from its environment; 3) it usually lives in ponds or puddles; 4) it moves by a flagellum; 5) it has an eyespot that detects light.
Generate a Biology multiple choice question:,The gram stain can be used to distinguish between different prokaryotes [proh-KAR-ee-ohts] based on which of the following? W) Glucose metabolism X) Flagella Y) Lactose metabolism Z) Cell wall morphology
Generate a Biology multiple choice question:,Biology ‚Äì Multiple Choice In what organ are dietary fats primarily absorbed? W) Small intestine X) Large intestine Y) Stomach Z) Liver
Generate a Biology multiple choice question:,"Biology ‚Äì Multiple Choice Sepals, petals, and which of the following provide the most complete description for the floral parts that could be found in a single flower of a monoecious plant species? W) Stamens and carpels X) Filaments Y) Carpels Z) Pistils"
Generate a Chemistry multiple choice question:,Chemistry ‚Äì Multiple Choice O and O are considered what type of molecules? 2 3 W) Allotropes X) Structural isomers Y) Isotopes Z) Geometrical isomers
Generate a Chemistry multiple choice question:,"Chemistry ‚Äì Multiple Choice If we assume that the bond order in carbon monoxide is three, which of the following correctly gives the formal charges on carbon and oxygen? W) 0 on both carbon and oxygen X) +1 on carbon and -1 on oxygen Y) -1 on carbon and +1 on oxygen Z) +2 on carbon and -2 on oxygen"
Generate a Energy short answer question:,Energy ‚Äì Short Answer Order the following three lightbulb technologies from least to most efficient: 1) Light-emitting diode; 2) Incandescent; 3) Compact fluorescent.
Generate a Energy short answer question:,Energy ‚Äì Short Answer Coal gas was largely used for municipal lighting and heating before it was supplanted by what fuel source?
Generate a Physics multiple choice question:,"Physics ‚Äì Multiple Choice A rock on the end of a string is being swung in a circle above a child's head. The string breaks. Neglecting gravity, in what direction does the acceleration of the rock now point? W) Tangent to the circle X) Inwards towards the center of the circle Y) Outwards away from the center of the circle Z) The acceleration is now zero"
Generate a Physics short answer question:,Physics ‚Äì Short Answer What is the most malleable element at STP?
Generate a Math short answer question:,"Math ‚Äì Short Answer What is the midpoint of the segment with endpoints (1, 6) and (5, -2)?"
Generate a Math short answer question:,Math ‚Äì Short Answer Solve the following system of two equations in two unknowns: x2 + y2 = 2 and x + y = 2.
Generate a Physics multiple choice question:,"Physics ‚Äì Multiple Choice Light traveling in a vacuum hits a refractive material at an angle of 60 degrees from the normal. If it travels through the material at an angle of 30 degrees from the normal, which of the following is the refractive index of the material? W) Square root of 3 divided by 2 X) Square root of 3 Y) 2 Z) 2 times the square root of 2"
Generate a Physics short answer question:,Physics ‚Äì Short Answer How many lumens does an isotropic source of 1 candela emit into the upper half plane?
Generate a Chemistry short answer question:,Chemistry ‚Äì Short Answer Part of the reason that graphene demonstrates such high mechanical strength is that the carbon atoms are in what hybridization state?
Generate a Chemistry short answer question:,Chemistry ‚Äì Short Answer Order the following three gases from slowest to fastest in terms of their rate of effusion at 25 degrees Celcius: 1) Helium; 2) Argon; 3) Neon.
Generate a Math short answer question:,"Math ‚Äì Short Answer Specifying whether your answer is open or closed, what is the interval of angles in degrees whose terminal sides are in the second quadrant?"
Generate a Math multiple choice question:,Math ‚Äì Multiple Choice Which of the following base 2 sums is the largest? W) 1 + 1111 [one plus one one one one] X) 100 + 1001 [one zero zero plus one zero zero one] Y) 110 + 1000 [one one zero plus one zero zero zero] Z) 111 + 111 [one one one plus one one one]
Generate a Energy multiple choice question:,Energy ‚Äì Multiple Choice Which of the following is NOT an advantage of green roofs? W) Improved waterproofing X) Improved lifespan of roof Y) Reduced heating costs Z) Reduced cooling costs
Generate a Energy multiple choice question:,Energy ‚Äì Multiple Choice Which of the following is NOT a desirable quality in the material used to coat nuclear fuel rods? W) Corrosion resistant X) High neutron absorption Y) High hardness Z) Low reactivity to water
Generate a Biology multiple choice question:,Biology ‚Äì Multiple Choice Which of the following structures is referred to as our body‚Äôs internal gyroscope? W) Inner ears X) Eyes Y) Outer ears Z) Nose
Generate a Biology multiple choice question:,Biology ‚Äì Multiple Choice Heartwood and sapwood consist of which of the following? W) Bark X) Secondary xylem Y) Periderm Z) Secondary phloem
Generate a Biology multiple choice question:,Biology ‚Äì Multiple Choice What material typically constitutes the cell wall in fungi? W) Cellulose X) Peptidoglycan Y) Pectin Z) Chitin
Generate a Biology multiple choice question:,Biology ‚Äì Multiple Choice Which of the following is NOT an example of a stone fruit? W) Almond X) Coconut Y) Cherry Z) Apple
Generate a Physics multiple choice question:,"Physics ‚Äì Multiple Choice Which of the following is the equivalent resistance, in ohms, of a circuit in which a 5 ohm resistor is connected in series to two 4 ohm resistors which are connected in parallel? W) 10/7 X) 40/13 Y) 7 Z) 13"
Generate a Physics short answer question:,"Physics ‚Äì Short Answer A man drops a 10 kilogram rock from the top of a building of height 180 meters. If you assume the acceleration due to gravity is 10 meters per second squared, what is the speed, in meters per second, of the rock just before it hits the ground?"
Generate a Math short answer question:,Math ‚Äì Short Answer What is the limit as x approaches 3 of the function with numerator x ‚Äì 3 and denominator x2 ‚Äì 9?
Generate a Math short answer question:,Math ‚Äì Short Answer Special water for a 600-liter aquarium is only sold in 35-liter containers. What is the minimum number of these 35-liter containers you would need to buy to be able to completely fill the tank?
Generate a Chemistry multiple choice question:,Chemistry ‚Äì Multiple Choice The bond angle in NH is closest to which of the following 3 degree values? W) 90 X) 110 Y) 120 Z) 180
Generate a Chemistry multiple choice question:,"Chemistry ‚Äì Multiple Choice D orbitals can overlap to form sigma, pi, or delta bonds. Which of these types of d-d bonds is strongest? W) Sigma X) Pi Y) Delta Z) They are equally strong"
Generate a Energy short answer question:,"Energy ‚Äì Short Answer The Athabasca oil sands, the largest bitumen deposit in the world, are located in what country?"
Generate a Energy short answer question:,"Energy ‚Äì Short Answer Syngas, produced from coal gasification, is made up primarily of what two gases?"
Generate a Math short answer question:,"Math ‚Äì Short Answer Given f(x) = 3x ‚Äì 5 and g(x) = 4x, what is f of g of x?"
Generate a Math short answer question:,Math ‚Äì Short Answer What is the least common multiple of the first four composite numbers?
Generate a Chemistry multiple choice question:,Chemistry ‚Äì Multiple Choice An atom is sp3 [S-P-3] hybridized. Which of the following is NOT a possible molecular geometry about this atom? W) Bent X) Trigonal pyramidal Y) Tetrahedral Z) Trigonal bipyramidal
Generate a Chemistry short answer question:,Chemistry ‚Äì Short Answer What region of the electromagnetic spectrum would be able to excite an electron from a 1s orbital to a 2p orbital in a helium atom?
Generate a Biology multiple choice question:,Biology ‚Äì Multiple Choice Which of the following describes antibody-dependent cell- mediated cytotoxicity? W) An invertebrate host defense mechanism X) Achieved via the classical complement pathway Y) Mediated by Fc receptors on NK cells and myeloid leukocytes Z) The primary cytotoxic pathway mediated by T cells
Generate a Biology multiple choice question:,Biology ‚Äì Multiple Choice Which of the following is NOT a biogenic amine? W) Dynorphin [dye-NOR-fin] X) Norepinephrine [NOR-eh-pih-NEH-frin] Y) Dopamine Z) Histamine
Generate a Physics multiple choice question:,"Physics ‚Äì Multiple Choice A student at the edge of a merry-go-round travels along an arc of length 6.28 meters as the ride completes a pi/4 angular rotation. To the nearest meter, what is the radius of the ride? W) 2 X) 4 Y) 8 Z) 16"
Generate a Physics short answer question:,"Physics ‚Äì Short Answer An object is placed 10 centimeters from a thin lens with a focal length of 2 centimeters. With a negative sign meaning an inverted image, what is the magnification of this system?"
Generate a Physics multiple choice question:,Resonance in a musical instrument is MOST directly exemplified by: W) sympathetic harmonic vibration X) destructive interference Y) dissonance in the standing wave Z) diffraction
Generate a Physics short answer question:,"The specific heat of a certain metal is 0.750 joules per gram kelvin. How much heat, in joules to the nearest whole number, will it take to increase the temperature of 0.50 kilograms of the metal from 25¬∫C to 50¬∫C?"
Generate a Chemistry multiple choice question:,"Solvents, such as water, that can both donate and accept protons are typically described as: W) resonant X) metalloid Y) amphoteric Z) polyprotic"
Generate a Chemistry multiple choice question:,"When going from left to right, elements in the same period of the Periodic Table have progressively smaller atomic radii because of: W) increased effective nuclear charge X) decreased effective nuclear charge Y) addition of electrons Z) addition of neutrons"
Generate a Biology multiple choice question:,Which of the following is missing in bryophytes and is an evolutionary advancement of higher plants: W) vascular tissue X) epidermal tissue Y) chloroplasts Z) plasmodesmata (read as: PLAS-mo-dez-MAH-tah)
Generate a Biology short answer question:,"If the flower color red is dominant and white is recessive, what will be the expected phenotypic ratio of red to white flowers in the first generation of a cross between parent plants both heterozygous for flower color?"
Generate a Math short answer question:,"What is the domain and range for the function defined by the following set of three ordered pairs: {(‚Äì2, 6), (0, 9), (3, 7)}"
Generate a Math short answer question:,"Giving your answer in centimeters to the nearest whole number, what is the perimeter of a closed quarter-circle whose radius is 12 centimeters?"
Generate a Earth science multiple choice question:,What type of stream only bears water during and immediately after a rainstorm: W) ephemeral X) intermittent Y) perennial Z) dendritic
Generate a Earth science multiple choice question:,Which of the following is NOT true about ocean tides: W) the Moon‚Äôs influence on Earth‚Äôs tides is about 2-times greater than the Sun‚Äôs influence X) a complete tidal day is about 24 hours 50 minutes long Y) some coastlines have 2 high tides and 2 low tides each lunar day whereas some have only have 1 high tide and 1 low tide each lunar day Z) spring high tides typically have greater ranges in the Northern Hemisphere during summer than during winter
Generate a Physics short answer question:,"What is the acceleration, in meters per second squared, of a 10-kilogram snow sled that is on a frictionless horizontal surface if a horizontal force of 500 newtons is applied to it?"
Generate a Physics multiple choice question:,What is the speed of light in meters per second for monochromatic light of 780 nanometers in glass with a refractive index of 1.55: W) 1.5 √ó 108 X) 1.9 √ó 108 Y) 4.65 √ó 107 Z) 4.65 √ó 108
Generate a Chemistry multiple choice question:,Which of the following is a nonpolar molecule: W) HCN X) HBr Y) CHCl 3 Z) CO 2
Generate a Chemistry multiple choice question:,Which of the following is the general formula for a noncyclic alkene (read carefully as: al-KEEN) with n number of carbon atoms: W) C H n 2n X) C H n 2n+2 Y) C H n 2n‚Äì2 Z) C H n 2n+1
Generate a Biology short answer question:,"In photosystem one, when NADP+ forms NADPH with the catalytic help of NADP+ reductase, from what specific place in the chloroplast are the hydrogen ions derived?"
Generate a Biology multiple choice question:,The conversion of pyruvate to Acetyl Co-A occurs: W) in the cytosol X) in the ER Y) in the mitochondrion Z) in the lysosome
Generate a Math short answer question:,What is the degree of the following monomial: ‚Äì6x2y4z3
Generate a Math short answer question:,Find the number of sides in a regular polygon if each interior angle measures 176 degrees:
Generate a Earth science multiple choice question:,Which of the following is LEAST accurate regarding paleontology: W) endothermic mammals thrived during the Cenozoic Era X) the fossil records of birds is poor because of their thin bones and lack of teeth Y) the mastodon was a Proboscidian mammal of the Cenozoic Era Z) trilobites are an important index fossil of the Mesozoic Era
Generate a Earth science multiple choice question:,"Deposited by subglacial streams, ridges of sand and gravel that form beneath the ablation zone of a glacier are called: W) cirques X) eskers Y) horns Z) kames"
Generate a Physics multiple choice question:,"Which of the following is generally NOT true regarding diffraction of light: W) when white light is passed through a diffraction grating, shorter wavelengths are diffracted the most X) diffraction is wavelength dependent Y) if laser light is passed through a diffraction grating it will produce an interference pattern as a series of dots on a screen Z) white light passing through a diffraction grating is spread into a rainbow of colors"
Generate a Physics short answer question:,"A 300-newton box is placed on an inclined plane that makes a 45¬∫ angle with the horizontal. Find the component of the box‚Äôs weight parallel to the plane‚Äôs surface, in newtons to the nearest whole number:"
Generate a Chemistry multiple choice question:,Dalton‚Äôs gas law applies primarily to: W) non-ideal gases X) gas mixtures Y) density of gases Z) molar mass of gas
Generate a Chemistry multiple choice question:,The oxidation number of oxygen is ‚Äì1 in: W) normal oxides X) peroxides Y) superoxides Z) lithium oxide
Generate a Biology multiple choice question:,"According to the 3 domain system of classification with the 3 domains being, Archaea, Bacteria and Eukarya, which of the following would be LEAST likely to belong to the domain Bacteria: W) chlamydia X) spirochetes (read as: spy-row-keets) Y) gram positive bacteria Z) non-nucleated thermophiles"
Generate a Biology multiple choice question:,In which of the following does the RUBISCO enzyme play a central role: W) Photosystem One X) Electron Transport Y) Photosystem Two Z) Calvin Cycle
Generate a Math short answer question:,"Giving your answer in simplest radical form, rationalize the denominator 1 of the following expression: (3‚àí x) 3+ x"
Generate a Math short answer question:,"Solve the following equation for x over the set of complex numbers, giving your answer in simplest form: x2 ‚Äì 10x + 34 = 0"
Generate a Earth science multiple choice question:,A hurricane originating in the Eastern tropical Atlantic is driven westward by: W) the intertropical convergence zone X) the prevailing westerlies Y) the easterly trade winds Z) the doldrums
Generate a Earth science multiple choice question:,Which of the following is NOT a silicate: W) mica X) galena Y) olivine Z) potassium feldspar
Generate a Physics short answer question:,The lens-maker‚Äôs equation relates the focal length of a glass lens to the radii of curvature of the lens‚Äôs two surfaces and what other property of the lens?
Generate a Physics short answer question:,"Green light has a wavelength of 500 nanometers. What is its associated frequency, in hertz?"
Generate a Chemistry short answer question:,"A molecule that contains 4 carbon-hydrogen single bonds and one carbon-carbon double bond contains how many sigma and pi bonds, respectively?"
Generate a Chemistry short answer question:,What is the systematic IUPAC name for the compound RbClO ? 4
Generate a Biology short answer question:,"Animal tissues are generally divided into four main types. If three of them are, connective, nervous, and muscle, what is the fourth tissue?"
Generate a Biology short answer question:,"Order the following 4 choices from the SMALLEST to the LARGEST, assuming average size for each: erythrocyte; mitochondrion; polio virus; macrophage"
Generate a Chemistry short answer question:,What is the pH of a solution having a hydroxide ion concentration of 1 √ó 10‚Äì5 M?
Generate a Chemistry short answer question:,"At standard temperature and pressure, if a sample of argon has a volume of 67 liters, how many moles of argon are in the sample, to the nearest whole number?"
Generate a Math short answer question:,x y 1) MATH Short Answer What is the minimum possible value of 2 + 2 (read as: 2 to the power of x plus 2 to the power of y) if x + y = 2?
Generate a Math short answer question:,1 1 1 1 1) MATH Short Answer What is the value of the infinite sum: - + - +‚Ä¶ (read as: 1 over 2 2! 3! 4! 5! factorial minus 1 over 3 factorial plus 1 over 4 factorial minus 1 over 5 factorial and so on)? 1
Generate a Biology multiple choice question:,Which of the following is a laboratory technique used to generate many copies of a gene? W) Polymerase (read as: poh-LIM-eh-rayz) chain reaction X) Gel electrophoresis (read as: i-lehk-tr≈çe-foh-REE-sis) Y) Southern blot Z) Titration
Generate a Biology short answer question:,"By name or number, identify all of the following four organisms that are endangered pinnipeds: 1) bearded seal, 2) Hawaiian monk seal, 3) ringed seal, 4) spotted seal."
Generate a Energy multiple choice question:,"Biodiesel generally outperforms regular petro diesel in all of the following categories, EXCEPT: W) Cetane rating X) Flash point Y) Calorific value Z) Sulfur content"
Generate a Energy short answer question:,"The backup controls for a solar cell operate on a 4-volt lithium ion battery with resistance of 20 ohms and an initial capacity of 3000 milliampere hours. In watt hours, what is the electrical energy required to recharge the battery?"
Generate a Physics short answer question:,"A 4-kilogram ball is tossed at 5 meters per second. How fast, in meters per second, must a 1-kilogram ball be thrown to have the same kinetic energy?"
Generate a Physics short answer question:,"A jogger is moving at a speed of 4 meters per second. When chased by a big dog, she accelerates at 1 meter per second squared for 4 seconds. How far has she travelled in meters since she started accelerating?"
Generate a Biology short answer question:,"What is the term for the pastelike substance, which is also the least soluble nitrogenous waste, excreted by birds, reptiles, and insects?"
Generate a Biology short answer question:,What is the scientific name of the only member of the family Eschrichtiidae (read as: esh-rik-TIE-uh-dee)?
Generate a Math short answer question:,Consider the polar equation r = sin(2Œ∏) (read as: r equals the sine of 2 theta). Its graph looks like a rose. How many petals would there be on the ‚Äúrose‚Äù in this graph?
Generate a Math short answer question:,"Assuming that the probability of A is 0.3, the probability of B is 0.3, and the probability of A union B is 0.5, providing your answers as decimals to the nearest tenth, what are the probabilities, respectively, of A intersection B and the complement of the quantity A union B?"
Generate a Chemistry multiple choice question:,In which of the following compounds does nitrogen have an unpaired electron? W) Ammonia X) Nitrous oxide Y) Sodium nitrate Z) Nitric oxide
Generate a Chemistry short answer question:,"A saturated solution of calcium hydroxide is titrated with aqueous hydrochloric acid. Using proper chemical nomenclature and indicating the state of each substance, such as solid, liquid, aqueous, or gas, what is the balanced molecular equation for this reaction?"
Generate a Chemistry multiple choice question:,Which of the following is NOT a colligative property of a solution? W) Freezing point depression X) Osmotic pressure Y) Percent by mass Z) Boiling point elevation
Generate a Chemistry short answer question:,How many liters of 2 molar sulfuric acid are required to titrate three liters of 0.4 molar nitric acid?
Generate a Biology multiple choice question:,"Which of the following is NOT true about snowy plovers? W) When fighting, they may grab their enemy‚Äôs tail with their bills X) They nest on sandy beaches Y) They are endemic to New Zealand Z) Males nurture their chicks"
Generate a Biology short answer question:,"What protein, released by cells in the ileum and colon, appears to inhibit appetite in humans?"
Generate a Chemistry short answer question:,"When the equation O + C H ‚Üí (read as: yields) CO + H O 2 6 14 2 2 is balanced with the lowest whole-number coefficients, what is the coefficient of O ? 2"
Generate a Chemistry short answer question:,"Given the reaction: 4PH ‚Üí (read as: yields) P + 6H , if 3(aq) 4(g) 2(g) 0.0048 moles of PH are consumed each second of the experiment, providing your answer to 3 the nearest ten thousandth, what is the rate of production in moles per second of P ? 4"
Generate a Math short answer question:,3 sinx (cid:0) 2 12) MATH Short Answer Evaluate lim (read as: the limit as x approaches pi over x‚ÜíœÄ/3 œÄ x (cid:0) 3 three of open parenthesis sine of x [pause] minus the square root of 3 over 2 close parenthesis over open parenthesis x minus pi over 3 close parenthesis).
Generate a Math short answer question:,"If the volume of oil leaked into the ocean from a damaged drilling platform is given by the equation V =0.05œÄr2, where r is the radius of the spill, use differentials to estimate the error in cubic meters of the volume if there is a possible error of 0.5 meters in the radius measurement of a spill of radius 100/œÄ meters."
Generate a Physics short answer question:,"If in a 2-piston hydraulic device, a 100-newton force is applied to a piston with an area of 0.01 square meters, what will be the resulting force, in newtons, on a piston with an area of 0.5 square meters?"
Generate a Physics short answer question:,What is the centripetal acceleration in meters per second squared of a point on a bicycle tire of radius 0.81 meters when the bike is moving at 9 meters per second?
Generate a Biology short answer question:,"What is the general term for scientific research that looks for a useful application, process, or product in nature?"
Generate a Biology short answer question:,"What is the term in immunobiology that describes a lack of reaction by the body‚Äôs defense mechanisms for foreign substances, and consists of a direct induction of peripheral lymphocyte tolerance?"
Generate a Chemistry multiple choice question:,Which of the following species is NOT considered an electrolyte? W) Sodium hydroxide X) Hydrogen chloride Y) Aluminum nitrate Z) Diethyl ether
Generate a Chemistry short answer question:,"By name or number, identify all of the following four substances that would show a positive result in a Benedict‚Äôs test: 1) simple sugars, 2) starches, 3) proteins, 4) lipids."
Generate a Physics short answer question:,How many layers of doped silicon are needed to make a transistor?
Generate a Physics short answer question:,"A thin copper rod 1 meter long has a mass of 0.05 kilograms and is in a magnetic field of 0.10 teslas. Given 10 meters per second squared for g, what is the minimum current in amperes needed in the rod for the magnetic force to cancel the weight of the rod?"
Generate a Physics multiple choice question:,"On a game show, contestants spin a large wheel to determine the prize associated with correct answers. How should a contestant apply force to spin the wheel as rapidly as possible? W) Tangential to the rim of the wheel X) At a 45 degree angle to the rim of the wheel Y) Away from the center of the wheel Z) Towards the center of the wheel"
Generate a Physics short answer question:,"Nitrogen molecules of mass 4.65 x 1026 kilograms are contained ‚àí in a cube with sides that have an area of 6 x 104 square meters. If 5.0 x 1023 molecules collide ‚àí head on elastically each second with one wall at a speed of 300 meters per second, what is the pressure exerted on the wall to the nearest kilopascal?"
Generate a Energy short answer question:,A 5-kilogram mass is moving along a frictionless surface with a velocity of 10 meters per second toward a horizontal spring with a spring constant of 500 newtons per meter. What is the maximum compression of the spring in meters?
Generate a Energy multiple choice question:,Which of the following is NOT an example of smart grid technology? W) Ground-source heat pumps X) Advanced metering infrastructure Y) Conservation voltage reduction Z) Substation automation
Generate a Math multiple choice question:,"The last two digits, in order, of a positive integer n are 1 and 8. Which of the following statements about n can be TRUE? W) n is divisible by 7 X) n is divisible by 5 Y) n is divisible by 4 Z) n is a perfect square"
Generate a Math short answer question:,"In simplest radical form, what is the radius of the circle tangent to the sides of an equilateral triangle with a side length of 2? 3"
Generate a Physics multiple choice question:,"If g and g are the accelerations due to gravity on the surfaces E M of Earth and the Moon respectively, and if Millikan‚Äôs oil drop experiment could be performed on the two surfaces, the ratio of the electronic charge on the Moon to the electronic charge on the Earth would be which of the following? W) g /g E M X) 1 Y) g /g M E Z) (g /g )2 M E"
Generate a Physics short answer question:,"Providing your answer in scientific notation with two significant digits, how much energy in joules is required to heat a clay pizza baking stone with mass of 4.8 kilograms and a specific heat of 860 joules per kilogram Kelvin from 25¬∞ Celsius to 235¬∞ Celsius?"
Generate a Energy short answer question:,Which hydroelectric dam has the greatest power capacity in the world?
Generate a Energy short answer question:,"Two men tried to lift a 95-kilogram sack of grain to a storage room on the second floor using ropes. Just as the sack reached the second floor, the rope broke and the sack dropped and hit the ground. The kinetic energy of the sack was 3500 joules just before it struck the ground. Given g as 9.8 meters per second squared and providing your answer to the nearest meter, what was the height of the second floor?"
Generate a Biology multiple choice question:,"Of the seven species of sea turtles, six are found in U.S. waters. Which of the following species of sea turtles is NOT found in U.S. waters? W) Flatback X) Green Y) Kemp‚Äôs ridley Z) Leatherback"
Generate a Biology short answer question:,"By name or number, identify all of the following four types of fishing gear that are known to inadvertently catch large numbers of sea turtles: 1) gillnets, 2) longlines, 3) pound nets, 4) trawls."
Generate a Chemistry short answer question:,"The following gaseous phase reaction is in equilibrium: CO + 2H ‚áî (read as: is in equilibrium with) CH OH. If you decrease the volume of the 2 3 container holding the gas, what happens to the equilibrium?"
Generate a Chemistry short answer question:,"By name or number, identify all of the following four motions that describe how atoms in a methylene group can vibrate: 1) rocking, 2) symmetrical stretching, 3) see-sawing, 4) twisting."
Generate a Math short answer question:,At what value of x is the tangent to the curve f(x) = 3x2 ‚Äì 2x + 1 a horizontal line?
Generate a Math short answer question:,"If f(x) = x (read as: f of x equals the square root of x) over the domain of all nonnegative real numbers and if g(x) = cosx over the domain of closed interval [-œÄ, œÄ], then what is the domain of f composed with g?"
Generate a Physics multiple choice question:,Which of the following is TRUE about the electric field just outside the surface of a charged spherical conductor? W) It is zero X) It is infinitely large Y) It is directed perpendicularly to the surface Z) It is directed parallel to the surface
Generate a Physics short answer question:,"A projectile is launched over level ground with a velocity of 100 meters per second at an angle of 30 degrees to the horizontal. Given that the acceleration due to gravity is 10 meters per second squared, what will be the horizontal range of this projectile rounded to the nearest meter?"
Generate a Biology multiple choice question:,Which of the following processes would leukocytes employ to destroy bacteria in interstitial spaces? W) Pinocytosis (read as: pin-oh-si-T≈åE-sis) X) Phagocytosis (read as: fahg-oh-si-T≈åE-sis) Y) Erythrophagocytosis (read as: i-rith-roh-fahg-oh-si-T≈åE-sis) Z) Efferocytosis (read as: ehf-eh-roh- si-T≈åE-sis)
Generate a Biology short answer question:,Which pluripotent cell in eukaryotic animals is similar to meristematic cells in higher plants?
Generate a Chemistry multiple choice question:,Which of the following pairs does NOT correctly match the element and its oxidation number? W) Oxygen in H O and -2 2 2 X) Bromine in Br and 0 2 Y) Sodium in NaCl and +1 Z) Sulfur in SO 2 and +4 3‚àí
Generate a Chemistry short answer question:,"Identify by name or number all of the following five factors upon which the rate of a gaseous phase reaction substantially depends: 1) reactant concentration, 2) molecule size, 3) number of distinct products and reactants, 4) activation energy, 5) pressure."
Generate a Physics short answer question:,"How much work, in joules, is done on a 2000-kilogram car by applying a 1000-newton force to move it 20 meters?"
Generate a Physics short answer question:,"A 50-kilogram person in an elevator is moving upward at a velocity of 2 meters per second. Given g as 9.8 meters per second squared, and providing your answer to the nearest ten, how much force, in newtons, is she exerting on the elevator floor?"
Generate a Physics short answer question:,A thermodynamic process that takes place at a constant pressure can be described by what adjective?
Generate a Physics short answer question:,"Using 9.8 meters per second squared for g and expressing your answer in scientific notation to one significant digit, what is the water pressure, in newtons per square meter, at a depth of 2 meters in a swimming pool?"
Generate a Energy multiple choice question:,Crates A and B have equal mass and travel the same distance on a horizontal track while a constant force F acts on A and a constant force 2F acts on B. Both crates start from rest. Which of the following equations represents the velocities V and V of A A B and B at the end of the displacement? W) V = V /2 B A X) V = 2V B A Y) V = 2V B A Z) V = 4V B A
Generate a Energy short answer question:,"A 100 kilogram roller coaster starts from rest at a height of 500 meters. Given g as 10 meters per second squared and no friction, what speed in meters per second will it achieve at the bottom?"
Generate a Math short answer question:,"Providing your answer as an improper fraction in simplest form, what is the slope of the line tangent to the graph of 3 x2 (read as: the cube root of x squared) at the point with coordinates of (-1/8, 1/4)?"
Generate a Math short answer question:,0 10) MATH Short Answer Evaluate the integral: 36 (cid:0) x2 dx (read as: the integral from -6 to (cid:0)6 0 of the square root of open parenthesis 36 minus x squared close parenthesis d x).
Generate a Physics short answer question:,"An electrical field does 6 joules of work on a charged particle, moving it from 1 volts to 3 volts. What is the charge of the particle in coulombs?"
Generate a Physics short answer question:,"Given g as 10 meters per second squared and the speed of sound as 331 meters per second, if you dropped a pebble down a well and heard a splash 3 seconds later, approximately how far down, in meters rounded to the nearest ten, was the water?"
Generate a Energy multiple choice question:,"Transformer efficiency is lowered, primarily due to power loss, at which of the following locations? W) The load X) The source Y) The core Z) The grounding point"
Generate a Energy short answer question:,"For many household appliances, a step-down transformer is used. If such a transformer has an input of 120 volts and 0.6 amperes, and an output of 24 volts, what is the maximum possible output current in amperes?"
Generate a Biology multiple choice question:,Which of the following best explains why a Gram-negative bacterial infection would be more difficult to treat than a Gram-positive one? W) The cell membrane of Gram-positive bacteria functions as an endotoxin X) Gram-positive bacteria are facultative anaerobes Y) Gram-positive bacteria have a cell membrane and a secondary lipopolysaccharide layer (read as: lip-≈çe-pahl-i-SAHK-ah-ryd) Z) Gram-negative bacteria have a cell membrane and a secondary lipopolysaccharide layer
Generate a Biology short answer question:,"A protist is found that has an amoeba-like appearance, fuses to form multinucleate structures, lacks chlorophyll, and has sporangia that produce flagellated spores. To what phylum does it belong?"
Generate a Math short answer question:,"If f x, y = xy + 3xy2 (read as: f of x, y equals xy plus 3xy squared), what is the partial derivative of f with respect to y?"
Generate a Math short answer question:,Approximate the area under f(x) = x2 + 1 from x = 0 to x = 8 using a mid-point Riemann sum with four equal subintervals.
Generate a Biology short answer question:,Name the class of mollusks in which many larval stages undergo torsion.
Generate a Biology multiple choice question:,"Which of the following BEST describes the problem that torsion creates for gastropods? W) More energy is needed to develop a coiled shell X) Waste is expelled above the organism‚Äôs head and mouth Y) It limits the amount of space the organism has for growth Z) To eat, an organism must extend its body outside of its protective shell"
Generate a Energy short answer question:,What kind of chemical reaction is used to produce methane from algae decomposition?
Generate a Energy short answer question:,"You‚Äôre designing a battery pack filled with many cell phone lithium- ion batteries capable of storing 500 megawatt hours of energy. If the battery operates at a constant voltage of 3.6 volts, providing your answer in scientific notation with two significant figures, what capacity in ampere hours would you need to store 500 megawatt hours of energy?"
Generate a Physics multiple choice question:,A bucket of hot oil weighing 50 newtons is lifted at constant velocity up a castle wall that is 10 meters high. It takes 20 seconds to raise the bucket up the wall. How much power was used to raise the bucket? W) 25 watts X) 25 joules Y) 500 joules Z) 500 watts
Generate a Physics short answer question:,"A 3.5 ampere current is maintained in a simple circuit with a total resistance of 1500 ohms. In coulombs, what net charge passes through any point in the circuit during a 30-second interval?"
Generate a Biology multiple choice question:,Which of the following is NOT a response of liver cells to glucagon? W) Decrease of glucose breakdown X) Increase of gluconeogenesis (read as: gluh-koh-nee-oh-JEHN-eh-sis) Y) Increase of release of calcium ions Z) Increase of fat synthesis
Generate a Biology short answer question:,What compound is secreted into the digestive system to reduce gastric acidity?
Generate a Math short answer question:,What is the limit of (3x2 + 6x)/(5 + 3x + x2) (read as: open parenthesis 3x squared plus 6x close parenthesis over open parenthesis 5 plus 3x plus x squared close parenthesis) as x goes to infinity?
Generate a Math short answer question:,"Given f(x) = tanx/secx, find f‚Äô(2œÄ/3) (read as: Given f of x equals tangent of x over secant of x, find f prime of 2 pi over 3)."
Generate a Chemistry multiple choice question:,Which of the following compounds is generally considered soluble in water? W) Sodium nitrate X) Magnesium carbonate Y) Silver chloride Z) Barium sulfate
Generate a Chemistry multiple choice question:,"Nitrous acid plus calcium hydroxide yield calcium nitrite (read as: ni-TRITE) plus water. Which of the following represents the coefficients for the compounds, in the order listed, when the reaction is correctly balanced? W) 1, 2, 1, 1 X) 1, 1, 1, 1 Y) 2, 2, 1, 2 Z) 2, 1, 1, 2"
Generate a Chemistry short answer question:,"Name two of the elements that are common exceptions to the octet rule, because they are frequently found in compounds in which they have only six valence electrons."
Generate a Chemistry multiple choice question:,"Regarding butylene‚Äôs alkene isomers, which of the following statements is correct? W) Some are cis-trans isomers X) Some are chiral Y) Some are enantiomers (read as: in-AHNT-ee-oh-mehrs) Z) Some are atropisomers (read as: ah-troh-pee-s≈çe-mehrs)"
Generate a Biology short answer question:,"When a plant cell is placed into a hypertonic solution, the cytoplasm in the plant cell shrinks away from the cell wall. What is the term that describes this phenomenon?"
Generate a Biology short answer question:,"What is the adjective used to describe animals that produce live offspring that, prior to birth, were nourished via a placenta?"
Generate a Chemistry multiple choice question:,"According to the Bronsted-Lowry system, a base is defined as which of the following: W) electron pair acceptor X) proton acceptor Y) proton donor Z) hydroxide donor"
Generate a Chemistry short answer question:,What is the molecular formula for the conjugate base of the following Br√∏nsted-Lowry acid: H CO 2 3
Generate a Physics multiple choice question:,"In response to the development of incandescent lights, gas lights were vastly improved by soaking the mantles in what substance to help convert heat and UV energy into visible light: W) thorium oxide X) titanium dioxide Y) uranium oxide Z) tungsten"
Generate a Physics short answer question:,"A hunter uses a 30-gram arrow that is fired by a bowstring at a velocity of 56 meters per second. What is the impulse on the arrow, to the second decimal place in kilogram meters per second?"
Generate a Biology short answer question:,What specific area of the human diencephalon is responsible for producing factors that regulate the release of hormones of the pituitary?
Generate a Biology multiple choice question:,Which of the following is an insertion of the human biceps femoris muscle: W) ventral portion of the head of the femur X) lateral sides of the head of the tibia Y) ileac crest Z) pubic symphisis
Generate a Math short answer question:,"3 4) MATH Short Answer Given that tangent Œ∏ = ! , find the possible values of sine Œ∏: 4 3 3"
Generate a Math short answer question:,"Divide and simplify the following 2 polynomials, combining like terms: (x3 !8) (x!2)"
Generate a Earth science multiple choice question:,Which of the following was the evidence that Alfred Wegener did not have that would have convinced the scientific community that his theory of continental drift was correct: W) paleomagnetic studies X) apparent fit of the continents Y) locations of ancient glacial deposits Z) comparative fossil studies
Generate a Earth science multiple choice question:,Which of the following is NOT true of seismic waves: W) the modified Mercalli scale measures earthquakes based on direct observations of damage X) the actual underground point of origin of an earthquake is called the hypocenter Y) the typical velocity of a P-wave near the Earth‚Äôs surface is about 5 kilometers per second Z) S-waves cause the most damage during an earthquake
Generate a Chemistry multiple choice question:,"The reaction Ca(OH) + 2HCl √†ÔÉ† 2H O + CaCl , is an example 2 2 2 of what class of chemical reaction: W) synthesis X) single replacement Y) double replacement Z) decomposition"
Generate a Chemistry short answer question:,"A gas sample occupies a volume of 10.0 liters at a pressure of 800 torr. If the pressure on the sample becomes 1.5 atmospheres and temperature remains constant, what volume does the gas now occupy, to the first decimal place in liters?"
Generate a Physics multiple choice question:,Which of the following is the BEST expression of the speed of sound waves in various media: W) the product of the elastic property times the inertial property X) the value of the inertial property divided by the elastic property Y) the value of the elastic property divided by the inertial property Z) the square root of the elastic property divided by the inertial property
Generate a Physics short answer question:,"If a mandolin string is tuned to 880 hertz and is 28-centimeters long, what is the wavelength, in meters rounded to the second decimal place, of the sound wave produced by this string, assuming that the instrument is at 20¬∫C and that the speed of sound is 343 meters/second?"
Generate a Biology multiple choice question:,Which of the following is NOT true: W) comb jellies or ctenophores (read as: ten-OH-fours) have radial symmetry X) lobsters have bilateral symmetry Y) protostomes have no true coeloms (read as: SEE-loams) Z) flatworms are acoelomates (read as: ah-SEA-low-mates)
Generate a Biology short answer question:,Name all of the following 4 choices that are compound fruits: tomato; raspberry; grape; pineapple
Generate a Math multiple choice question:,Which of the following is NOT a regular polyhedron: W) regular tetrahedron X) cube Y) regular icosahedron Z) regular hexadecagon
Generate a Math short answer question:,Solve the following quadratic inequality for x: x2 + 5x + 4 ‚â• 0
Generate a Earth science multiple choice question:,"Which of the following is a terminal moraine that resulted at the climax of the Wisconsin ice sheet: W) Long Island, New York X) the northern Bahamas Islands Y) Death Valley, California Z) Hudson Bay, Canada"
Generate a Earth science multiple choice question:,"Looking down on the Earth in the Northern Hemisphere, which of the following BEST describes the circulation of air above an anticyclone: W) air spiraling inward in a counter-clockwise direction X) air spiraling outward in a counter-clockwise direction Y) air spiraling inward in a clockwise direction Z) air spiraling outward in a clockwise direction"
Generate a Chemistry multiple choice question:,Which of the following is NOT true regarding general trends for the representative elements in the Periodic Table: W) simple positive ions are always smaller than the neutral atoms from which they are formed X) elements with low ionization energies lose electrons easily Y) the size of anions increases from left to right Z) electronegativities increase from left to right
Generate a Chemistry short answer question:,"How many carbons and hydrogens are in the following compound: (read slowly) 2,4-dimethyl hexane"
Generate a Physics multiple choice question:,The index of refraction for a medium is: W) the ratio of the angles of refraction of red light and blue light in the medium X) the angle of refraction for monochromatic light in the medium Y) the ratio of the speed of light in the medium to the speed of light in a vacuum Z) the ratio of the speed of light in a vacuum to the speed of light in the medium
Generate a Physics short answer question:,"If light of a single wavelength of 600 nanometers moves from air into a medium with a refractive index of 1.25, what is the wavelength, in nanometers, of the light as it travels in the denser medium?"
Generate a Biology multiple choice question:,"Which of the following BEST meets the premises of the Hardy- Weinberg equilibrium: W) random mating, small populations, and no genetic load X) random mating, large populations, and no genetic load Y) non-random mating, small populations, and no net mutations Z) non-random mating, large populations, and no net mutations"
Generate a Biology short answer question:,Name all of the following 3 classes of biological molecules whose immediate breakdown product can generate energy by feeding into metabolism at the level of pyruvate or acetyl Co-A: lipids; proteins; carbohydrates
Generate a Math short answer question:,Solve the following logarithmic equation for x: log x = 4 (read as: log 4 base 4 of x equals 4)
Generate a Math short answer question:,"Find the 9th term of the geometric sequence whose first 3 terms are 3, 6, and 12:"
Generate a Earth science multiple choice question:,The catastrophic dust bowl of the 1930‚Äôs was caused by which of the following processes: W) isostatic adjustment X) basal slip Y) desertification Z) mass wasting
Generate a Earth science multiple choice question:,Which of the following is an example of a U-shaped valley that is partially submerged: W) fjord X) arete Y) paternoster lake Z) hanging valley
Generate a Chemistry short answer question:,What is the pH of a 1 √ó 10‚Äì4 molar HCl solution?
Generate a Chemistry short answer question:,Order the following 4 bonds from those with the LOWEST electronegativity difference to the GREATEST difference: F-H; O-H; S-H; Cl-H